Workbook

Sheet District Master
A1: District Master — 543 Districts (matched to your GeoJSON)
A2: GeoJSON ID in column B maps 1:1 to your shapefile. Use this as the join key for your backend + dashboard.
A4: S.No. | B4: GeoJSON ID | C4: District | D4: State | E4: Backend Code (optional) | F4: Status
A5: 1 | B5: 3501 | C5: Andaman and Nicobar Islands | D5: Andaman & Nicobar | F5: Active
A6: 2 | B6: 2824 | C6: Amalapuram | D6: Andhra Pradesh | F6: Active
A7: 3 | B7: 2822 | C7: Anakapalli | D7: Andhra Pradesh | F7: Active
A8: 4 | B8: 2836 | C8: Anantapuramu | D8: Andhra Pradesh | F8: Active
A9: 5 | B9: 2818 | C9: Araku | D9: Andhra Pradesh | F9: Active
A10: 6 | B10: 2832 | C10: Bapatla | D10: Andhra Pradesh | F10: Active
A11: 7 | B11: 2842 | C11: Chittoor | D11: Andhra Pradesh | F11: Active
A12: 8 | B12: 2827 | C12: Eluru | D12: Andhra Pradesh | F12: Active
A13: 9 | B13: 2830 | C13: Guntur | D13: Andhra Pradesh | F13: Active
A14: 10 | B14: 2837 | C14: Hindupur | D14: Andhra Pradesh | F14: Active
A15: 11 | B15: 2838 | C15: Kadapa | D15: Andhra Pradesh | F15: Active
A16: 12 | B16: 2823 | C16: Kakinada | D16: Andhra Pradesh | F16: Active
... A547: 543 | B547: 1926 | C547: Uluberia | D547: West Bengal | F547: Active

Sheet Hazard
A1: Hazard — 5 indicators × 543 districts
A2: Yellow cells = data input. Column B = GeoJSON ID (your join key). Metadata in rows 3–8. Data starts row 10.
A3: Indicator Name | E3: Number of flood events in the past 40 years (1984–2023) | F3: Number of meteorological drought events in the past 40 years (1984–2023) | G3: Number of extreme rainfall events in the past 10 years (2014–2023) | H3: Number of hot days in the past 10 years (2014–2023) | I3: Number of cyclones in the past 10 years (2014–2023)
A4: Unit / Format | E4: Count (integer) | F4: Count (integer) | G4: Number of days | H4: Number of days | I4: Count (integer)
A5: Data Source | E5: EM-DAT (emdat.be) — free, registration required | F5: EM-DAT (emdat.be) | G5: IMD Gridded Rainfall (imdpune.gov.in/cmpg/Griddata/Rainfall_25_Bin.html) | H5: IMDAA reanalysis (NCMRWF) | I5: IMD RSMC (rsmcnewdelhi.imd.gov.in)
A6: Data Fields to Capture | E6: 1. Event date (DD/MM/YYYY) 2. Event location (district name, state) 3. Disaster type = 'Flood' 4. Total deaths 5. Total affected population 6. Total damage (USD) 7. Source: EM-DAT entry ID 8. Post-2019: SDMA report reference, page number | F6: 1. Event date (DD/MM/YYYY) 2. Event location (district, state) 3. Disaster type = 'Drought' 4. Drought severity (meteorological) 5. Total affected population 6. Source: EM-DAT entry ID 7. Post-2019: IMD drought bulletin reference | G6: 1. Daily rainfall (mm) — gridded 0.25° × 0.25° 2. Grid cell coordinates (lat, lon) 3. Date range: Oct–Dec for each year 4. Baseline period: 1982–2011 daily rainfall 5. District boundary shapefile (for zonal stats) 6. 95th percentile threshold per grid cell from baseline | H6: 1. Daily maximum temperature (°C) — gridded 2. Grid cell coordinates 3. Date range: March–June for each year 4. Baseline: 1982–2011 daily Tmax 5. 95th percentile threshold from baseline 6. IMDAA reanalysis + CORDEX-SA RegCM4 outputs 7. District boundary shapefile | I6: 1. Cyclone name/ID 2. Track coordinates (lat, lon series) 3. Landfall date and location 4. Maximum sustained wind speed (knots) 5. Category (T-number classification) 6. Affected districts (from DALA reports) 7. Source: IBTrACS ID, IMD RSMC bulletin
A7: Computation Formula | E7: Indicator = COUNT of flood events per district over 40 years No formula needed — direct count. Post-2019 events manually added from SDMA PDFs. | F7: Indicator = COUNT of drought events per district over 40 years Direct count from EM-DAT + SDMA records. | G7: Step 1: Compute 95th percentile of daily OND rainfall per grid cell from 1982–2011 baseline Step 2: Count days exceeding threshold per year (2014–2023) Step 3: Zonal statistics — average count per district Step 4: Compute change = Recent avg − Baseline avg | H7: Step 1: Compute 95th percentile of daily Tmax (Mar–Jun) per grid cell from 1982–2011 Step 2: Count days exceeding threshold per year (2014–2023) Step 3: Zonal statistics — average count per district Step 4: Compute trend or change from baseline | I7: Step 1: Spatial join — cyclone tracks intersected with district boundaries (buffer 100km from track) Step 2: Count unique cyclone events per district Coastal districts only; interior = 0
A8: Column Code | E8: HAZ_01 | F8: HAZ_02 | G8: HAZ_03 | H8: HAZ_04 | I8: HAZ_05
A9: S.No. | B9: GeoJSON ID | C9: District | D9: State | E9: Number of flood events in the past ... | F9: Number of meteorological drought ev... | G9: Number of extreme rainfall events i... | H9: Number of hot days in the past 10 y... | I9: Number of cyclones in the past 10 y...
A10: 1 | B10: 3501 | C10: Andaman and Nicobar Islands | D10: Andaman & Nicobar
A11: 2 | B11: 2824 | C11: Amalapuram | D11: Andhra Pradesh
A12: 3 | B12: 2822 | C12: Anakapalli | D12: Andhra Pradesh
A13: 4 | B13: 2836 | C13: Anantapuramu | D13: Andhra Pradesh
A14: 5 | B14: 2818 | C14: Araku | D14: Andhra Pradesh
A15: 6 | B15: 2832 | C15: Bapatla | D15: Andhra Pradesh
A16: 7 | B16: 2842 | C16: Chittoor | D16: Andhra Pradesh
A17: 8 | B17: 2827 | C17: Eluru | D17: Andhra Pradesh
A18: 9 | B18: 2830 | C18: Guntur | D18: Andhra Pradesh
A19: 10 | B19: 2837 | C19: Hindupur | D19: Andhra Pradesh
A20: 11 | B20: 2838 | C20: Kadapa | D20: Andhra Pradesh
A21: 12 | B21: 2823 | C21: Kakinada | D21: Andhra Pradesh
... A552: 543 | B552: 1926 | C552: Uluberia | D552: West Bengal

Sheet Exposure
A1: Exposure — 11 indicators × 543 districts
A2: Yellow cells = data input. Column B = GeoJSON ID (your join key). Metadata in rows 3–8. Data starts row 10.
A3: Indicator Name | E3: Population density of the district (2023) | F3: Percentage of urban slum area to total district area | G3: Percentage of rural population to total district population | H3: Average age of water supply infrastructure in the district | I3: Stage of groundwater development of the district | J3: Groundwater quality index of the district | K3: Surface water quality index of the district | L3: Water resource availability per capita in the district | M3: Percentage of households connected to sewerage in urban areas | N3: Percentage of rural households with individual compost pits/leach pits/soak pits/magic pits | O3: Percentage of rural households in the districts covered by drainage facilities
A4: Unit / Format | E4: Persons per sq km | F4: Percentage (%) | G4: Percentage (%) | H4: Percentage (%) | I4: Percentage (%) | J4: Index value (0–300+) | K4: Index value | L4: MCM per person × 100 | M4: Percentage (%) | N4: Percentage (%) | O4: Percentage (%)
A5: Data Source | E5: Census of India — Table A-01 (censusindia.gov.in) | F5: NSS 69th Round microdata (mospi.gov.in) | G5: Census of India — Table A-01 (censusindia.gov.in) | H5: JJM Reports — Format B15 (jaljeevanmission.gov.in/dashboard) | I5: CGWB (cgwb.gov.in) | J5: CPCB (cpcb.nic.in) — Water Quality Data | K5: CPCB (cpcb.nic.in) — Surface Water Quality Data | L5: Central Water Commission (cwc.gov.in) | M5: AMRUT portal (amrut.gov.in) | N5: SBM-G Dashboard (sbm.gov.in) | O5: Census Village Amenities 2011 (data.gov.in)
A6: Data Fields to Capture | E6: 1. Total population — Census 2001 (Table A-01) 2. Total population — Census 2011 (Table A-01) 3. District geographical area (sq km) — from GIS shapefile 4. For new districts: parent district population split using area apportionment 5. City Population website data for validation | F6: 1. NSS 69th Round unit-level data file 2. District code (from NSS) 3. Urban slum area (hectares) per district 4. Total district area (sq km) from GIS shapefile 5. STATA variable codes for slum identification | G6: 1. Rural population — Census 2001 (Table A-01) 2. Rural population — Census 2011 (Table A-01) 3. Total population projected to 2022 (from indicator 6 CAGR) | H6: 1. JJM Format B15 — Piped Water Supply Schemes 2. District name 3. Year of scheme commissioning (2009-10 to 2023-24) 4. Number of schemes per year 5. Age categorisation: — ≤5 years: 2018-19 to 2023-24 — 5-10 years: 2013-14 to 2017-18 — 10-14 years: 2009-10 to 2012-13 | I6: 1. Annual groundwater extraction (MCM) per district 2. Annual groundwater recharge (MCM) per district 3. Source: CGWB Dynamic GW Resources Report 2023 4. District name mapping to CGWB nomenclature | J6: 1. Monitoring station ID and location (lat, lon) 2. District where station falls 3. 10 water quality parameters per station: — pH — Total Dissolved Solids (TDS) mg/l — Total Hardness mg/l — Calcium (Ca) mg/l — Magnesium (Mg) mg/l — Chloride (Cl) mg/l — Fluoride (F) mg/l — Nitrate (NO₃) mg/l — Iron (Fe) mg/l — Sulphate (SO₄) mg/l 4. BIS 10500 permissible limits (Si) for each parameter 5. CPCB relative weights (wi) for each parameter | K6: 1. Monitoring station ID and location 2. District where station falls 3. 4 water quality parameters per station: — Dissolved Oxygen (DO) mg/l — Fecal Coliform (FC) MPN/100ml — pH — Biochemical Oxygen Demand (BOD) mg/l 4. CPCB modified weights for each parameter 5. Sub-index equations for DO, FC, pH, BOD (from NSF WQI curves) | L6: 1. Basin-wise annual water resource availability (MCM, 75% dependable) — from CWC 2019 report 2. State-wise percentage area in each basin 3. District area within each basin (GIS intersection) 4. District population (projected to assessment year) 5. Basin and district boundary shapefiles | M6: 1. AMRUT city-wise storm water drainage project data (2021) — City/ULB name — Catchment area of SW drainage network (sq km) — Total ULB area (sq km) 2. State SLB reports (available for 12 states): — ULB-wise drainage coverage data 3. District to which each ULB belongs | N6: 1. SBM-G household survey data: individual compost pit (yes/no) 2. Census Village Amenities: leach pit, soak pit, magic pit availability 3. Total rural households per district 4. Households with any individual pit structure | O6: 1. Census 2011 Village Amenities dataset: — Village code — Drainage type: covered / open / no drainage — District mapping 2. Total rural households per village 3. SBM-G greywater management coverage
A7: Computation Formula | E7: CAGR = (Pop_2011 / Pop_2001) ^ (1/10) − 1 Pop_2023 = Pop_2011 × (1 + CAGR) ^ 12 Indicator = Pop_2023 / District_Area_sqkm | F7: Indicator = (Urban slum area / Total district area) × 100 Non-urban districts = 0 Extract using STATA from NSS microdata | G7: Rural CAGR = (Rural_Pop_2011 / Rural_Pop_2001) ^ (1/10) − 1 Rural_Pop_2022 = Rural_Pop_2011 × (1 + CAGR) ^ 11 Indicator = Rural_Pop_2022 / Total_Pop_2022 × 100 | H7: Indicator = (Schemes aged ≤5 years / Total schemes across all 3 age groups) × 100 Apportioned from 772 JJM districts to 733 districts | I7: Indicator = (Annual GW extraction / Annual GW recharge) × 100 Direct from CGWB report — no additional calculation needed | J7: Step 1: qi = (Ci / Si) × 100 for each parameter where Ci = observed concentration, Si = BIS standard Step 2: GWQI_station = Σ (qi × wi) Step 3: GWQI_district = Average of all stations in district No station in district → GWQI = 0 (highest risk) | K7: Step 1: Sub-index (SI) = (Observed value / Range applicable) × Weight Step 2: SWQI_station = Σ (SI × Weight_CPCB) Step 3: SWQI_district = Average across all stations in district No station → SWQI = 0 (highest risk) | L7: Step 1: District water = Basin water × (District area in basin / Total basin area) Step 2: Indicator = (District water availability MCM / District population) × 100 Area apportionment for new districts from parent district(s) | M7: Per ULB: Coverage % = (Catchment area of SW drainage / Total ULB area) × 100 Indicator = Average coverage across all ULBs in district No data districts = 0 (highest risk) | N7: Indicator = (Rural HHs with individual compost/leach/soak/magic pit / Total rural HHs) × 100 | O7: Indicator = (Rural HHs in villages with drainage / Total rural HHs) × 100
A8: Column Code | E8: EXP_01 | F8: EXP_02 | G8: EXP_03 | H8: EXP_04 | I8: EXP_05 | J8: EXP_06 | K8: EXP_07 | L8: EXP_08 | M8: EXP_09 | N8: EXP_10 | O8: EXP_11
A9: S.No. | B9: GeoJSON ID | C9: District | D9: State | E9: Population density of the district ... | F9: Percentage of urban slum area to to... | G9: Percentage of rural population to t... | H9: Average age of water supply infrast... | I9: Stage of groundwater development of... | J9: Groundwater quality index of the di... | K9: Surface water quality index of the ... | L9: Water resource availability per cap... | M9: Percentage of households connected ... | N9: Percentage of rural households with... | O9: Percentage of rural households in t...
A10: 1 | B10: 3501 | C10: Andaman and Nicobar Islands | D10: Andaman & Nicobar
A11: 2 | B11: 2824 | C11: Amalapuram | D11: Andhra Pradesh
A12: 3 | B12: 2822 | C12: Anakapalli | D12: Andhra Pradesh
A13: 4 | B13: 2836 | C13: Anantapuramu | D13: Andhra Pradesh
A14: 5 | B14: 2818 | C14: Araku | D14: Andhra Pradesh
A15: 6 | B15: 2832 | C15: Bapatla | D15: Andhra Pradesh
A16: 7 | B16: 2842 | C16: Chittoor | D16: Andhra Pradesh
A17: 8 | B17: 2827 | C17: Eluru | D17: Andhra Pradesh
A18: 9 | B18: 2830 | C18: Guntur | D18: Andhra Pradesh
A19: 10 | B19: 2837 | C19: Hindupur | D19: Andhra Pradesh
A20: 11 | B20: 2838 | C20: Kadapa | D20: Andhra Pradesh
A21: 12 | B21: 2823 | C21: Kakinada | D21: Andhra Pradesh
... A552: 543 | B552: 1926 | C552: Uluberia | D552: West Bengal

Sheet Sensitivity
A1: Sensitivity — 12 indicators × 543 districts
A2: Yellow cells = data input. Column B = GeoJSON ID (your join key). Metadata in rows 3–8. Data starts row 10.
A3: Indicator Name | E3: The under-five mortality rate in the state per 1,000 live births | F3: The maternal mortality rate in the state per 1,00,000 live births | G3: Slope of the district | H3: Altitude (elevation) of the district | I3: Change in land use and land cover of the district over the past 10 years | J3: Percentage of children under five who are wasted at the district level | K3: Percentage of children under five who are stunted at the district level | L3: Percentage of drinking water schemes relying on surface water in the district | M3: Percentage of drinking water schemes relying on groundwater in groundwater-overexploited districts | N3: Percentage of persons with disabilities at the state level | O3: Sex ratio in the total district population | P3: Total fertility rate at the state level
A4: Unit / Format | E4: Deaths per 1,000 live births | F4: Deaths per 100,000 live births | G4: Degrees (mean slope) | H4: Metres (mean elevation) | I4: Percentage (%) | J4: Percentage (%) | K4: Percentage (%) | L4: Percentage (%) | M4: Percentage (%) | N4: Percentage (%) | O4: Females per 1,000 males | P4: Average children per woman
A5: Data Source | E5: Sample Registration System — SRS Bulletin (censusindia.gov.in/vital-statistics) | F5: SRS Bulletin (censusindia.gov.in) | G5: USGS Earth Explorer (earthexplorer.usgs.gov) | H5: USGS Earth Explorer (earthexplorer.usgs.gov) | I5: ISRO Bhuvan ALanCRIT (bhuvan-app1.nrsc.gov.in/2dresources/datadownload) | J5: NFHS-5 District Fact Sheets (rchiips.org/nfhs) | K5: NFHS-5 District Fact Sheets (rchiips.org/nfhs) | L5: JJM Reports — Format B40 (jaljeevanmission.gov.in) | M5: JJM Reports — Format B40 | N5: Census 2011 — Table C-20 (censusindia.gov.in) | O5: Census 2011 — PCA Tables (censusindia.gov.in) | P5: NFHS-5 State Fact Sheets (rchiips.org/nfhs)
A6: Data Fields to Capture | E6: 1. SRS Special Bulletin on Maternal Mortality (2018-20) — Table 1: U5MR per 1,000 live births by state — 19 states individually; rest under 'Other States' 2. State code → district mapping | F6: 1. SRS Special Bulletin on Maternal Mortality (2018-20) — Table 1: MMR per 100,000 live births by state 2. State code → district mapping | G6: 1. SRTM DEM GeoTIFF tiles covering India (30m resolution) 2. District boundary shapefile 3. QGIS or GDAL for slope derivation | H6: 1. SRTM DEM GeoTIFF tiles (30m resolution) 2. District boundary shapefile 3. QGIS for zonal statistics | I6: 1. Bhuvan LULC GeoTIFF — year 2005 (30m, LISS-III) 2. Bhuvan LULC GeoTIFF — year 2015 (30m, LISS-III) 3. LULC class codes: rural built-up, urban built-up 4. District boundary shapefile 5. Total district area (sq km) | J6: 1. NFHS-5 District Fact Sheet — Serial No. 74: 'Children under 5 who are wasted' — Value: percentage 2. For 26 new districts: NFHS-5 State Fact Sheet — Serial No. 82 (same indicator at state level) | K6: 1. NFHS-5 District Fact Sheet — Serial No. 73: 'Children under 5 who are stunted' — Value: percentage 2. For 26 new districts: State Fact Sheet Serial No. 81 | L6: 1. JJM Format B40 — Schemes with Water Source Status — Division name — Total schemes — Schemes with 'surface water only' source 2. Division → district mapping table 3. Area apportionment for multi-district divisions | M6: 1. JJM Format B40 — same as indicator 24 — Schemes with 'groundwater only' source 2. CGWB groundwater development stage (to identify overexploited districts) 3. Division → district mapping | N6: 1. Census 2011 Table C-20: — Disabled population by type (visual, hearing, speech, movement, mental, multiple) — Total disabled population per district — Total population per district 2. NFHS-5 state-level disability data (supplement) | O6: 1. Census 2011 PCA Tables: — Total male population per district — Total female population per district | P6: 1. NFHS-5 State Fact Sheet — Serial No. 22 in 'Marriage and Fertility' section — Total Fertility Rate value 2. State code → district mapping
A7: Computation Formula | E7: IM/Total birth | F7: MM/Total birth | G7: Step 1: Mosaic SRTM tiles in QGIS Step 2: Raster → Analysis → Slope (or: gdaldem slope input.tif slope.tif) Step 3: Zonal Statistics — mean slope per district polygon | H7: Step 1: Mosaic SRTM tiles Step 2: Zonal Statistics — mean elevation per district polygon One-time computation. DEM is static. | I7: Step 1: Extract built-up pixels (rural + urban) from 2005 and 2015 LULC Step 2: Zonal stats — sum of built-up area per district for each year Step 3: Change = (Built-up_2015 − Built-up_2005) / District_area × 100 | J7: Number of children wasted/total number of children *100 | K7: Number of children stunded/total number of children *100 | L7: Indicator = (Surface water only schemes / Total drinking water schemes) × 100 Apportioned from 715 JJM divisions → 733 districts | M7: Indicator = (GW only schemes / Total schemes) × 100 Flag districts where CGWB stage > 100% (overexploited) | N7: Indicator = (Total disabled population / Total population) × 100 | O7: Indicator = (Female population / Male population) × 1000 | P7: Direct extraction — no formula. State TFR value applied to all districts in that state.
A8: Column Code | E8: SEN_01 | F8: SEN_02 | G8: SEN_03 | H8: SEN_04 | I8: SEN_05 | J8: SEN_06 | K8: SEN_07 | L8: SEN_08 | M8: SEN_09 | N8: SEN_10 | O8: SEN_11 | P8: SEN_12
A9: S.No. | B9: GeoJSON ID | C9: District | D9: State | E9: The under-five mortality rate in th... | F9: The maternal mortality rate in the ... | G9: Slope of the district | H9: Altitude (elevation) of the distric... | I9: Change in land use and land cover o... | J9: Percentage of children under five w... | K9: Percentage of children under five w... | L9: Percentage of drinking water scheme... | M9: Percentage of drinking water scheme... | N9: Percentage of persons with disabili... | O9: Sex ratio in the total district pop... | P9: Total fertility rate at the state l...
A10: 1 | B10: 3501 | C10: Andaman and Nicobar Islands | D10: Andaman & Nicobar
A11: 2 | B11: 2824 | C11: Amalapuram | D11: Andhra Pradesh
A12: 3 | B12: 2822 | C12: Anakapalli | D12: Andhra Pradesh
A13: 4 | B13: 2836 | C13: Anantapuramu | D13: Andhra Pradesh
A14: 5 | B14: 2818 | C14: Araku | D14: Andhra Pradesh
A15: 6 | B15: 2832 | C15: Bapatla | D15: Andhra Pradesh
A16: 7 | B16: 2842 | C16: Chittoor | D16: Andhra Pradesh
A17: 8 | B17: 2827 | C17: Eluru | D17: Andhra Pradesh
A18: 9 | B18: 2830 | C18: Guntur | D18: Andhra Pradesh
A19: 10 | B19: 2837 | C19: Hindupur | D19: Andhra Pradesh
A20: 11 | B20: 2838 | C20: Kadapa | D20: Andhra Pradesh
A21: 12 | B21: 2823 | C21: Kakinada | D21: Andhra Pradesh
... A552: 543 | B552: 1926 | C552: Uluberia | D552: West Bengal

Sheet Adaptive Capacity
A1: Adaptive Capacity — 29 indicators × 543 districts
A2: Yellow cells = data input. Column B = GeoJSON ID (your join key). Metadata in rows 3–8. Data starts row 10.
A3: Indicator Name | E3: Percentage of rural agricultural landless households | F3: Percentage of short-term migrants | G3: Percentage of the population below the poverty line | H3: Percentage of the district's population under the age of five in 2023 | I3: Percentage of the district's population above the age of 65 in 2023 | J3: Percentage of the population with positive water-borne diseases occurring annually (cholera, acute diarrhoeal disease, enteric fever/typhoid, viral hepatitis) | K3: Percentage of households having safely managed drinking water services at the district level | L3: Percentage of schools and aanganwadi having safely managed drinking water services | M3: Percentage of (government) healthcare facilities having safely managed drinking water services at the district level | N3: Percentage of households having safely managed sanitation facilities at the district level | O3: Percentage of schools and Anganwadi having safely managed sanitation facilities at the district level | P3: Percentage of schools in the district with gender-separate toilets | Q3: Percentage of (government) healthcare facilities having safely managed sanitation services at the district level | R3: Percentage of schools and aanganwadi having functional hand-hygiene facilities (water and soap or alcohol-based hand rub) at the district level | S3: Percentage of (government) healthcare facilities having functional hand hygiene facilities (water and soap or alcohol-based hand rub) at the district level | T3: Annual average completion rate of Jal Jeevan Mission schemes, from 2019–20 to 2023–24 (district-wise) | U3: Women in the district with 10 or more years of schooling | V3: Number of functional government health facilities in the district per 1,000 population | W3: Average distance females travel to the principal source of drinking water | X3: Women aged 15–24 years in the district who use hygienic methods of protection during their menstrual period (%) | Y3: Annual average budget allocated by the government to WASH per district per capita for the past five years (2019–23) | Z3: Climate risk assessments to inform policies as a part of district disaster management plans | AA3: Inclusion of WASH in state disaster management plans (taken as a proxy for the district) | AB3: Identification of agencies (including government, private organisations and NGOs) for providing WASH-related relief and rehabilitation measures after disasters as part of state disaster management plans | AC3: Percentage of villages or gram panchayats in districts with village water sanitation committees or other similar local institutions in rural areas | AD3: Percentage of households in the state that practice hand washing before meals | AE3: Percentage of households in the state that practice hand washing after defaecation | AF3: The density of rain gauges in the district per square kilometre | AG3: Provisions in the state disaster management plan for emergency water supply (taken as a proxy for the district)
A4: Unit / Format | E4: Percentage (%) | F4: Percentage (%) | G4: Percentage (%) | H4: Percentage (%) | I4: Percentage (%) | J4: Cases per 100,000 population | K4: Percentage (%) | L4: Percentage (%) | M4: Percentage (%) | N4: Percentage (%) | O4: Percentage (%) | P4: Percentage (%) | Q4: Percentage (%) | R4: Percentage (%) | S4: Percentage (%) | T4: Percentage (%) | U4: Percentage (%) | V4: Facilities per 1,000 population | W4: Metres or kilometres | X4: Percentage (%) | Y4: INR per person per year | Z4: Score (0–3 or binary) | AA4: Binary (0 or 1) or Score | AB4: Binary or Score (0–3) | AC4: Percentage (%) | AD4: Percentage (%) | AE4: Percentage (%) | AF4: Gauges per sq km | AG4: Binary or Score (0–4)
A5: Data Source | E5: Agricultural Census (agcensus.nic.in) | F5: Census 2011 — D-series Migration Tables | G5: NITI Aayog MPI (niti.gov.in) | H5: Census 2011 — Table C-14 (censusindia.gov.in) | I5: Census 2011 — Table C-14 (censusindia.gov.in) | J5: IHIP Dashboard (ihip.nhp.gov.in) | K5: JJM Dashboard (jaljeevanmission.gov.in) | L5: JJM Dashboard — Schools & AWC section | M5: NHM HMIS (nrhm-mis.nic.in) | N5: SBM-G Dashboard (sbm.gov.in) | O5: UDISE+ (udiseplus.gov.in) | P5: UDISE+ (udiseplus.gov.in) | Q5: NHM HMIS (nrhm-mis.nic.in) | R5: UDISE+ (udiseplus.gov.in) | S5: NHM HMIS (nrhm-mis.nic.in) | T5: JJM Dashboard (jaljeevanmission.gov.in) | U5: NFHS-5 District Fact Sheets (rchiips.org/nfhs) | V5: Census Village Amenities (data.gov.in) | W5: NSS 78th Round microdata (mospi.gov.in) | X5: NFHS-5 District Fact Sheets (rchiips.org/nfhs) | Y5: State Finance Dept budget documents | Z5: State SDMA websites | AA5: State SDMA websites | AB5: State SDMA websites | AC5: JJM Dashboard (jaljeevanmission.gov.in) | AD5: NFHS-5 State Fact Sheets (rchiips.org/nfhs) | AE5: NFHS-5 State Fact Sheets (rchiips.org/nfhs) | AF5: IMD (mausam.imd.gov.in) | AG5: State SDMA websites
A6: Data Fields to Capture | E6: 1. Agricultural Census data OR NSSO 77th Round: — Total agricultural households per district — Landless agricultural households (no land owned) 2. Total rural households per district | F6: 1. Census 2011 D-series Migration Tables: — Short-term migrants (duration < 6 months) per district — Reason for migration 2. Total district population | G6: 1. NITI Aayog MPI data OR Tendulkar poverty line estimates: — Population below poverty line per district/state — Total population 2. NFHS-5 wealth index: % in lowest two quintiles as proxy | H6: 1. Census 2001 Table C-14: population aged 0–4 years per district 2. Census 2011 Table C-14: population aged 0–4 years per district 3. Total population projected to 2023 (from CAGR) | I6: 1. Census 2001 Table C-14: population aged 65-69, 70-74, 75-79, 80+ per district 2. Census 2011 Table C-14: same age groups 3. Total population projected to 2023 | J6: 1. IHIP/IDSP district-wise annual cases: — Cholera cases — Acute diarrhoeal disease cases — Enteric fever (typhoid) cases — Viral hepatitis cases 2. Total district population (for rate denominator) 3. Year of reporting | K6: 1. JJM Dashboard: FHTCs provided per district 2. Total rural households per district 3. NSS 78th Round: improved source + on premises + sufficient year-round (for 'safely managed' definition) — Water source code (02-06, 08, 12, 14, 01, 19) — Sufficiency flag (1=yes, 2=no) — Premises flag | L6: 1. JJM Dashboard: schools with tap connections 2. UDISE+ database: total schools per district 3. MoWCD ICDS data: aanganwadi centres with water supply 4. Total aanganwadi per district | M6: 1. NHM HMIS: healthcare facilities with piped water — Sub-centres — PHCs — CHCs — District hospitals 2. Total government healthcare facilities per district | N6: 1. SBM-G Dashboard: HHs with individual toilet 2. JJM Dashboard: HHs with tap connection 3. NSS 78th Round: sanitation type codes (01-04 for basic+) — Shared vs individual — Excreta disposal method (situ vs off-site) 4. Total households per district | O6: 1. UDISE+ data: schools with functional toilets 2. MoWCD ICDS: aanganwadi with functional toilets 3. SBM-G school sanitation coverage 4. Total schools + aanganwadi per district | P6: 1. UDISE+ annual data: — Schools with separate boys' toilet (yes/no) — Schools with separate girls' toilet (yes/no) — Only count schools where BOTH exist 2. Total schools per district | Q6: 1. NHM HMIS: — HCFs with functional toilet — HCFs with safe waste disposal 2. Total government HCFs per district | R6: 1. UDISE+ / JJM data: — Schools with handwashing station near toilet (yes/no) — Soap or sanitizer available (yes/no) — AWCs with handwashing facility 2. Total schools + AWCs per district | S6: 1. NHM HMIS: — HCFs with handwashing stations at points of care (yes/no) — Water and soap or alcohol-based hand rub available 2. Total government HCFs per district | T6: 1. JJM Dashboard: — Total schemes sanctioned per district per year (2019-20 to 2023-24) — Total schemes completed per district per year — 5 years of data needed | U6: 1. NFHS-5 District Fact Sheet: — Women's education section — % of women aged 15-49 with 10 or more years of schooling 2. District code mapping | V6: 1. Census Village Amenities: PHCs, CHCs, sub-centres per village 2. CBHI National Health Profile: district hospitals, functional status 3. NHM HMIS: operational status of each facility 4. Total = Sub-centres + PHCs + CHCs + District hospitals 5. District population (for denominator) | W6: 1. NSS 78th Round microdata: — Respondent sex = female — Distance to principal drinking water source (metres) — District code — Caste code (for SC/ST filter if needed) 2. STATA for extraction and averaging | X6: 1. NFHS-5 District Fact Sheet: — Women's empowerment section — % of women 15-24 using hygienic methods during menstruation 2. District code mapping | Y6: 1. State budget documents: WASH-related allocations per district — Water supply (capital + O&M) — Sanitation (capital + O&M) — Hygiene programmes 2. JJM allocation per district (central + state share) 3. SBM-G allocation per district 4. District population 5. 5 years: 2019-20 to 2023-24 | Z6: 1. District Disaster Management Plan (DDMP) PDF — Does it exist? (Yes=1, No=0) — Is it updated post-2020? (Yes=1, No=0) — Does it have a climate risk assessment chapter? (Yes=1, No=0) 2. Qualitative review score (0–3 or 0–5) | AA6: 1. State Disaster Management Plan (SDMP) PDF — Is WASH explicitly mentioned? (Yes=1, No=0) — Sections covering water supply during/after disaster — Sections covering sanitation during/after disaster — Sections covering hygiene during/after disaster | AB6: 1. State Disaster Management Plan (SDMP) PDF: — Are WASH relief agencies identified? (Yes/No) — Government departments listed — NGOs listed — Private agencies listed — Roles & responsibilities defined | AC6: 1. JJM Dashboard: VWSCs/Paani Samitis constituted — Village/GP name — VWSC constituted (yes/no) — VWSC functional (yes/no) 2. Total villages/GPs per district 3. State PHED/RWSS records for validation | AD6: 1. NFHS-5 State Fact Sheet: — Housing characteristics section — % of HHs practising handwashing with soap before meals 2. State code → district mapping | AE6: 1. NFHS-5 State Fact Sheet: — % of HHs practising handwashing with soap after defaecation 2. State code → district mapping | AF6: 1. IMD rain gauge station list: — Station ID — Station location (lat, lon) — Operational status (functional/non-functional) 2. District where each station falls (spatial join) 3. District area (sq km) from GIS shapefile | AG6: 1. State Disaster Management Plan (SDMP) PDF: — Emergency water supply section — Responsible department identified (yes/no) — Tanker availability documented (yes/no) — Drum/jerrycan stock listed (yes/no) — Private agency tie-ups documented (yes/no)
A7: Computation Formula | E7: Indicator = (Landless agricultural HHs / Total rural HHs) × 100 | F7: Indicator = (Short-term migrants / Total population) × 100 | G7: Indicator = (BPL population / Total population) × 100 OR proxy: % in lowest 2 wealth quintiles from NFHS-5 | H7: CAGR = (Pop_0to4_2011 / Pop_0to4_2001) ^ (1/10) − 1 Pop_0to4_2023 = Pop_0to4_2011 × (1 + CAGR) ^ 12 Indicator = Pop_0to4_2023 / Total_Pop_2023 × 100 | I7: Sum age groups: Pop_65plus = Pop_65to69 + Pop_70to74 + Pop_75to79 + Pop_80plus CAGR for each age group → project to 2023 Indicator = Pop_65plus_2023 / Total_Pop_2023 × 100 | J7: Total_cases = Cholera + ADD + Typhoid + Viral_Hepatitis Indicator = (Total_cases / District_population) × 100,000 | K7: Indicator = (HHs with safely managed drinking water / Total HHs) × 100 Safely managed = improved source + on premises + sufficient + free from contamination | L7: Indicator = (Schools with water + AWCs with water) / (Total schools + Total AWCs) × 100 | M7: Indicator = (HCFs with safely managed water / Total govt HCFs) × 100 | N7: Indicator = (HHs with safely managed sanitation / Total HHs) × 100 Safely managed = not shared + excreta safely disposed in situ or treated off-site | O7: Indicator = (Schools+AWCs with sanitation / Total schools+AWCs) × 100 | P7: Indicator = (Schools with gender-separate toilets / Total schools) × 100 | Q7: Indicator = (HCFs with sanitation / Total govt HCFs) × 100 | R7: Indicator = (Schools+AWCs with functional hand hygiene / Total schools+AWCs) × 100 Functional = water + soap/sanitizer present | S7: Indicator = (HCFs with hand hygiene / Total govt HCFs) × 100 | T7: Per year: Rate = (Completed / Sanctioned) × 100 Indicator = Average of 5 annual completion rates | U7: Direct extraction — no formula. Value from NFHS-5 district fact sheet. | V7: Indicator = Total functional govt HCFs / (District population / 1000) | W7: Indicator = Average distance (in metres) travelled by female respondents to principal water source per district Extract using STATA → filter sex=female → mean(distance) per district | Y7: Annual WASH budget = Water supply + Sanitation + Hygiene allocations Indicator = (Sum of 5-year WASH budget / 5) / District population | Z7: Score = Existence (0/1) + Updated (0/1) + Climate risk chapter (0/1) Max score = 3. Normalize to 0–1 for index. | AA7: Score = Count of WASH sub-topics covered (water supply, sanitation, hygiene) State value applied to all districts in that state. | AB7: Score = Partial (1) if agencies listed but no roles defined Score = Full (2) if agencies + roles defined Score = 0 if not mentioned State proxy for districts. | AC7: Indicator = (Villages with functional VWSC / Total villages in district) × 100 | AD7: Direct extraction — no formula. State value applied to all districts. | AE7: Direct extraction — no formula. State value applied to all districts. | AF7: Indicator = Number of operational rain gauges in district / District area (sq km) | AG7: Score = Sum of documented provisions (0–4) State proxy for districts. Normalize to 0–1 for index.
A8: Column Code | E8: ADA_01 | F8: ADA_02 | G8: ADA_03 | H8: ADA_04 | I8: ADA_05 | J8: ADA_06 | K8: ADA_07 | L8: ADA_08 | M8: ADA_09 | N8: ADA_10 | O8: ADA_11 | P8: ADA_12 | Q8: ADA_13 | R8: ADA_14 | S8: ADA_15 | T8: ADA_16 | U8: ADA_17 | V8: ADA_18 | W8: ADA_19 | X8: ADA_20 | Y8: ADA_21 | Z8: ADA_22 | AA8: ADA_23 | AB8: ADA_24 | AC8: ADA_25 | AD8: ADA_26 | AE8: ADA_27 | AF8: ADA_28 | AG8: ADA_29
A9: S.No. | B9: GeoJSON ID | C9: District | D9: State | E9: Percentage of rural agricultural la... | F9: Percentage of short-term migrants | G9: Percentage of the population below ... | H9: Percentage of the district's popula... | I9: Percentage of the district's popula... | J9: Percentage of the population with p... | K9: Percentage of households having saf... | L9: Percentage of schools and aanganwad... | M9: Percentage of (government) healthca... | N9: Percentage of households having saf... | O9: Percentage of schools and Anganwadi... | P9: Percentage of schools in the distri... | Q9: Percentage of (government) healthca... | R9: Percentage of schools and aanganwad... | S9: Percentage of (government) healthca... | T9: Annual average completion rate of J... | U9: Women in the district with 10 or mo... | V9: Number of functional government hea... | W9: Average distance females travel to ... | X9: Women aged 15–24 years in the distr... | Y9: Annual average budget allocated by ... | Z9: Climate risk assessments to inform ... | AA9: Inclusion of WASH in state disaster... | AB9: Identification of agencies (includi... | AC9: Percentage of villages or gram panc... | AD9: Percentage of households in the sta... | AE9: Percentage of households in the sta... | AF9: The density of rain gauges in the d... | AG9: Provisions in the state disaster ma...
A10: 1 | B10: 3501 | C10: Andaman and Nicobar Islands | D10: Andaman & Nicobar
A11: 2 | B11: 2824 | C11: Amalapuram | D11: Andhra Pradesh
A12: 3 | B12: 2822 | C12: Anakapalli | D12: Andhra Pradesh
A13: 4 | B13: 2836 | C13: Anantapuramu | D13: Andhra Pradesh
A14: 5 | B14: 2818 | C14: Araku | D14: Andhra Pradesh
A15: 6 | B15: 2832 | C15: Bapatla | D15: Andhra Pradesh
A16: 7 | B16: 2842 | C16: Chittoor | D16: Andhra Pradesh
A17: 8 | B17: 2827 | C17: Eluru | D17: Andhra Pradesh
A18: 9 | B18: 2830 | C18: Guntur | D18: Andhra Pradesh
A19: 10 | B19: 2837 | C19: Hindupur | D19: Andhra Pradesh
A20: 11 | B20: 2838 | C20: Kadapa | D20: Andhra Pradesh
A21: 12 | B21: 2823 | C21: Kakinada | D21: Andhra Pradesh
... A552: 543 | B552: 1926 | C552: Uluberia | D552: West Bengal

Sheet Computed Scores
A1: Computed WASH-CVI Risk Scores — 543 Districts
A2: Auto-calculated from category sheets. GeoJSON ID for direct dashboard binding.
A4: S.No. | B4: GeoJSON ID | C4: District | D4: State | E4: Hazard (H) | F4: Exposure (E) | G4: Sensitivity (S) | H4: Adaptive Cap. (AC) | I4: Raw Risk = (H×E×S)/AC | J4: Normalized Risk (0–1) | K4: Risk Category
A5: 1 | B5: 3501 | C5: Andaman and Nicobar Islands | D5: Andaman & Nicobar | E5: =IFERROR(AVERAGE(Hazard!E10:I10),0) -> 0 | F5: =IFERROR(AVERAGE(Exposure!E10:O10),0) -> 0 | G5: =IFERROR(AVERAGE(Sensitivity!E10:P10),0) -> 0 | H5: =IFERROR(AVERAGE('Adaptive Capacity'!E10:AG10),0) -> 0 | I5: =IFERROR(IF(H5=0,0,(E5*F5*G5)/H5),0) -> 0 | J5: =IFERROR(IF(I5=0,0,(I5-MIN(I$5:I$547))/(MAX(I$5:I$547)-MIN(I$5:I$547))),0) -> 0 | K5: =IF(J5=0,"No Data",IF(J5>=0.6,"Very High",IF(J5>=0.4,"High",IF(J5>=0.2,"Moderate",IF(J5>=0.1,"Low","Very Low"))))) -> No Data
A6: 2 | B6: 2824 | C6: Amalapuram | D6: Andhra Pradesh | E6: =IFERROR(AVERAGE(Hazard!E11:I11),0) -> 0 | F6: =IFERROR(AVERAGE(Exposure!E11:O11),0) -> 0 | G6: =IFERROR(AVERAGE(Sensitivity!E11:P11),0) -> 0 | H6: =IFERROR(AVERAGE('Adaptive Capacity'!E11:AG11),0) -> 0 | I6: =IFERROR(IF(H6=0,0,(E6*F6*G6)/H6),0) -> 0 | J6: =IFERROR(IF(I6=0,0,(I6-MIN(I$5:I$547))/(MAX(I$5:I$547)-MIN(I$5:I$547))),0) -> 0 | K6: =IF(J6=0,"No Data",IF(J6>=0.6,"Very High",IF(J6>=0.4,"High",IF(J6>=0.2,"Moderate",IF(J6>=0.1,"Low","Very Low"))))) -> No Data
A7: 3 | B7: 2822 | C7: Anakapalli | D7: Andhra Pradesh | E7: =IFERROR(AVERAGE(Hazard!E12:I12),0) -> 0 | F7: =IFERROR(AVERAGE(Exposure!E12:O12),0) -> 0 | G7: =IFERROR(AVERAGE(Sensitivity!E12:P12),0) -> 0 | H7: =IFERROR(AVERAGE('Adaptive Capacity'!E12:AG12),0) -> 0 | I7: =IFERROR(IF(H7=0,0,(E7*F7*G7)/H7),0) -> 0 | J7: =IFERROR(IF(I7=0,0,(I7-MIN(I$5:I$547))/(MAX(I$5:I$547)-MIN(I$5:I$547))),0) -> 0 | K7: =IF(J7=0,"No Data",IF(J7>=0.6,"Very High",IF(J7>=0.4,"High",IF(J7>=0.2,"Moderate",IF(J7>=0.1,"Low","Very Low"))))) -> No Data
A8: 4 | B8: 2836 | C8: Anantapuramu | D8: Andhra Pradesh | E8: =IFERROR(AVERAGE(Hazard!E13:I13),0) -> 0 | F8: =IFERROR(AVERAGE(Exposure!E13:O13),0) -> 0 | G8: =IFERROR(AVERAGE(Sensitivity!E13:P13),0) -> 0 | H8: =IFERROR(AVERAGE('Adaptive Capacity'!E13:AG13),0) -> 0 | I8: =IFERROR(IF(H8=0,0,(E8*F8*G8)/H8),0) -> 0 | J8: =IFERROR(IF(I8=0,0,(I8-MIN(I$5:I$547))/(MAX(I$5:I$547)-MIN(I$5:I$547))),0) -> 0 | K8: =IF(J8=0,"No Data",IF(J8>=0.6,"Very High",IF(J8>=0.4,"High",IF(J8>=0.2,"Moderate",IF(J8>=0.1,"Low","Very Low"))))) -> No Data
A9: 5 | B9: 2818 | C9: Araku | D9: Andhra Pradesh | E9: =IFERROR(AVERAGE(Hazard!E14:I14),0) -> 0 | F9: =IFERROR(AVERAGE(Exposure!E14:O14),0) -> 0 | G9: =IFERROR(AVERAGE(Sensitivity!E14:P14),0) -> 0 | H9: =IFERROR(AVERAGE('Adaptive Capacity'!E14:AG14),0) -> 0 | I9: =IFERROR(IF(H9=0,0,(E9*F9*G9)/H9),0) -> 0 | J9: =IFERROR(IF(I9=0,0,(I9-MIN(I$5:I$547))/(MAX(I$5:I$547)-MIN(I$5:I$547))),0) -> 0 | K9: =IF(J9=0,"No Data",IF(J9>=0.6,"Very High",IF(J9>=0.4,"High",IF(J9>=0.2,"Moderate",IF(J9>=0.1,"Low","Very Low"))))) -> No Data
A10: 6 | B10: 2832 | C10: Bapatla | D10: Andhra Pradesh | E10: =IFERROR(AVERAGE(Hazard!E15:I15),0) -> 0 | F10: =IFERROR(AVERAGE(Exposure!E15:O15),0) -> 0 | G10: =IFERROR(AVERAGE(Sensitivity!E15:P15),0) -> 0 | H10: =IFERROR(AVERAGE('Adaptive Capacity'!E15:AG15),0) -> 0 | I10: =IFERROR(IF(H10=0,0,(E10*F10*G10)/H10),0) -> 0 | J10: =IFERROR(IF(I10=0,0,(I10-MIN(I$5:I$547))/(MAX(I$5:I$547)-MIN(I$5:I$547))),0) -> 0 | K10: =IF(J10=0,"No Data",IF(J10>=0.6,"Very High",IF(J10>=0.4,"High",IF(J10>=0.2,"Moderate",IF(J10>=0.1,"Low","Very Low"))))) -> No Data
A11: 7 | B11: 2842 | C11: Chittoor | D11: Andhra Pradesh | E11: =IFERROR(AVERAGE(Hazard!E16:I16),0) -> 0 | F11: =IFERROR(AVERAGE(Exposure!E16:O16),0) -> 0 | G11: =IFERROR(AVERAGE(Sensitivity!E16:P16),0) -> 0 | H11: =IFERROR(AVERAGE('Adaptive Capacity'!E16:AG16),0) -> 0 | I11: =IFERROR(IF(H11=0,0,(E11*F11*G11)/H11),0) -> 0 | J11: =IFERROR(IF(I11=0,0,(I11-MIN(I$5:I$547))/(MAX(I$5:I$547)-MIN(I$5:I$547))),0) -> 0 | K11: =IF(J11=0,"No Data",IF(J11>=0.6,"Very High",IF(J11>=0.4,"High",IF(J11>=0.2,"Moderate",IF(J11>=0.1,"Low","Very Low"))))) -> No Data
A12: 8 | B12: 2827 | C12: Eluru | D12: Andhra Pradesh | E12: =IFERROR(AVERAGE(Hazard!E17:I17),0) -> 0 | F12: =IFERROR(AVERAGE(Exposure!E17:O17),0) -> 0 | G12: =IFERROR(AVERAGE(Sensitivity!E17:P17),0) -> 0 | H12: =IFERROR(AVERAGE('Adaptive Capacity'!E17:AG17),0) -> 0 | I12: =IFERROR(IF(H12=0,0,(E12*F12*G12)/H12),0) -> 0 | J12: =IFERROR(IF(I12=0,0,(I12-MIN(I$5:I$547))/(MAX(I$5:I$547)-MIN(I$5:I$547))),0) -> 0 | K12: =IF(J12=0,"No Data",IF(J12>=0.6,"Very High",IF(J12>=0.4,"High",IF(J12>=0.2,"Moderate",IF(J12>=0.1,"Low","Very Low"))))) -> No Data
A13: 9 | B13: 2830 | C13: Guntur | D13: Andhra Pradesh | E13: =IFERROR(AVERAGE(Hazard!E18:I18),0) -> 0 | F13: =IFERROR(AVERAGE(Exposure!E18:O18),0) -> 0 | G13: =IFERROR(AVERAGE(Sensitivity!E18:P18),0) -> 0 | H13: =IFERROR(AVERAGE('Adaptive Capacity'!E18:AG18),0) -> 0 | I13: =IFERROR(IF(H13=0,0,(E13*F13*G13)/H13),0) -> 0 | J13: =IFERROR(IF(I13=0,0,(I13-MIN(I$5:I$547))/(MAX(I$5:I$547)-MIN(I$5:I$547))),0) -> 0 | K13: =IF(J13=0,"No Data",IF(J13>=0.6,"Very High",IF(J13>=0.4,"High",IF(J13>=0.2,"Moderate",IF(J13>=0.1,"Low","Very Low"))))) -> No Data
A14: 10 | B14: 2837 | C14: Hindupur | D14: Andhra Pradesh | E14: =IFERROR(AVERAGE(Hazard!E19:I19),0) -> 0 | F14: =IFERROR(AVERAGE(Exposure!E19:O19),0) -> 0 | G14: =IFERROR(AVERAGE(Sensitivity!E19:P19),0) -> 0 | H14: =IFERROR(AVERAGE('Adaptive Capacity'!E19:AG19),0) -> 0 | I14: =IFERROR(IF(H14=0,0,(E14*F14*G14)/H14),0) -> 0 | J14: =IFERROR(IF(I14=0,0,(I14-MIN(I$5:I$547))/(MAX(I$5:I$547)-MIN(I$5:I$547))),0) -> 0 | K14: =IF(J14=0,"No Data",IF(J14>=0.6,"Very High",IF(J14>=0.4,"High",IF(J14>=0.2,"Moderate",IF(J14>=0.1,"Low","Very Low"))))) -> No Data
A15: 11 | B15: 2838 | C15: Kadapa | D15: Andhra Pradesh | E15: =IFERROR(AVERAGE(Hazard!E20:I20),0) -> 0 | F15: =IFERROR(AVERAGE(Exposure!E20:O20),0) -> 0 | G15: =IFERROR(AVERAGE(Sensitivity!E20:P20),0) -> 0 | H15: =IFERROR(AVERAGE('Adaptive Capacity'!E20:AG20),0) -> 0 | I15: =IFERROR(IF(H15=0,0,(E15*F15*G15)/H15),0) -> 0 | J15: =IFERROR(IF(I15=0,0,(I15-MIN(I$5:I$547))/(MAX(I$5:I$547)-MIN(I$5:I$547))),0) -> 0 | K15: =IF(J15=0,"No Data",IF(J15>=0.6,"Very High",IF(J15>=0.4,"High",IF(J15>=0.2,"Moderate",IF(J15>=0.1,"Low","Very Low"))))) -> No Data
A16: 12 | B16: 2823 | C16: Kakinada | D16: Andhra Pradesh | E16: =IFERROR(AVERAGE(Hazard!E21:I21),0) -> 0 | F16: =IFERROR(AVERAGE(Exposure!E21:O21),0) -> 0 | G16: =IFERROR(AVERAGE(Sensitivity!E21:P21),0) -> 0 | H16: =IFERROR(AVERAGE('Adaptive Capacity'!E21:AG21),0) -> 0 | I16: =IFERROR(IF(H16=0,0,(E16*F16*G16)/H16),0) -> 0 | J16: =IFERROR(IF(I16=0,0,(I16-MIN(I$5:I$547))/(MAX(I$5:I$547)-MIN(I$5:I$547))),0) -> 0 | K16: =IF(J16=0,"No Data",IF(J16>=0.6,"Very High",IF(J16>=0.4,"High",IF(J16>=0.2,"Moderate",IF(J16>=0.1,"Low","Very Low"))))) -> No Data
... A547: 543 | B547: 1926 | C547: Uluberia | D547: West Bengal | E547: =IFERROR(AVERAGE(Hazard!E552:I552),0) -> 0 | F547: =IFERROR(AVERAGE(Exposure!E552:O552),0) -> 0 | G547: =IFERROR(AVERAGE(Sensitivity!E552:P552),0) -> 0 | H547: =IFERROR(AVERAGE('Adaptive Capacity'!E552:AG552),0) -> 0 | I547: =IFERROR(IF(H547=0,0,(E547*F547*G547)/H547),0) -> 0 | J547: =IFERROR(IF(I547=0,0,(I547-MIN(I$5:I$547))/(MAX(I$5:I$547)-MIN(I$5:I$547))),0) -> 0 | K547: =IF(J547=0,"No Data",IF(J547>=0.6,"Very High",IF(J547>=0.4,"High",IF(J547>=0.2,"Moderate",IF(J547>=0.1,"Low","Very Low"))))) -> No Data

Sheet Field Reference
A1: Field Reference — All 57 Indicators with Column Codes & Data Fields
A3: Code | B3: Sheet | C3: Excel Col | D3: Indicator | E3: Unit | F3: Source | G3: Key Data Fields | H3: Formula
A4: HAZ_01 | B4: Hazard | C4: Col E | D4: Number of flood events in the past 40 years (1984–2023) | E4: Count (integer) | F4: EM-DAT (emdat.be) — free, registration required | G4: 1. Event date (DD/MM/YYYY) 2. Event location (district name, state) 3. Disaster type = 'Flood' | H4: Indicator = COUNT of flood events per district over 40 years
A5: HAZ_02 | B5: Hazard | C5: Col F | D5: Number of meteorological drought events in the past 40 years (1984–2023) | E5: Count (integer) | F5: EM-DAT (emdat.be) | G5: 1. Event date (DD/MM/YYYY) 2. Event location (district, state) 3. Disaster type = 'Drought' | H5: Indicator = COUNT of drought events per district over 40 years
A6: HAZ_03 | B6: Hazard | C6: Col G | D6: Number of extreme rainfall events in the past 10 years (2014–2023) | E6: Number of days | F6: IMD Gridded Rainfall (imdpune.gov.in/cmpg/Griddata/Rainfall_25_Bin.html) | G6: 1. Daily rainfall (mm) — gridded 0.25° × 0.25° 2. Grid cell coordinates (lat, lon) 3. Date range: Oct–Dec for each year | H6: Step 1: Compute 95th percentile of daily OND rainfall per grid cell from 1982–2011 baseline Step 2: Count days exceeding threshold per year (2014–2023)
A7: HAZ_04 | B7: Hazard | C7: Col H | D7: Number of hot days in the past 10 years (2014–2023) | E7: Number of days | F7: IMDAA reanalysis (NCMRWF) | G7: 1. Daily maximum temperature (°C) — gridded 2. Grid cell coordinates 3. Date range: March–June for each year | H7: Step 1: Compute 95th percentile of daily Tmax (Mar–Jun) per grid cell from 1982–2011 Step 2: Count days exceeding threshold per year (2014–2023)
A8: HAZ_05 | B8: Hazard | C8: Col I | D8: Number of cyclones in the past 10 years (2014–2023) | E8: Count (integer) | F8: IMD RSMC (rsmcnewdelhi.imd.gov.in) | G8: 1. Cyclone name/ID 2. Track coordinates (lat, lon series) 3. Landfall date and location | H8: Step 1: Spatial join — cyclone tracks intersected with district boundaries (buffer 100km from track) Step 2: Count unique cyclone events per district
A9: EXP_01 | B9: Exposure | C9: Col E | D9: Population density of the district (2023) | E9: Persons per sq km | F9: Census of India — Table A-01 (censusindia.gov.in) | G9: 1. Total population — Census 2001 (Table A-01) 2. Total population — Census 2011 (Table A-01) 3. District geographical area (sq km) — from GIS shapefile | H9: CAGR = (Pop_2011 / Pop_2001) ^ (1/10) − 1 Pop_2023 = Pop_2011 × (1 + CAGR) ^ 12
A10: EXP_02 | B10: Exposure | C10: Col F | D10: Percentage of urban slum area to total district area | E10: Percentage (%) | F10: NSS 69th Round microdata (mospi.gov.in) | G10: 1. NSS 69th Round unit-level data file 2. District code (from NSS) 3. Urban slum area (hectares) per district | H10: Indicator = (Urban slum area / Total district area) × 100
A11: EXP_03 | B11: Exposure | C11: Col G | D11: Percentage of rural population to total district population | E11: Percentage (%) | F11: Census of India — Table A-01 (censusindia.gov.in) | G11: 1. Rural population — Census 2001 (Table A-01) 2. Rural population — Census 2011 (Table A-01) 3. Total population projected to 2022 (from indicator 6 CAGR) | H11: Rural CAGR = (Rural_Pop_2011 / Rural_Pop_2001) ^ (1/10) − 1 Rural_Pop_2022 = Rural_Pop_2011 × (1 + CAGR) ^ 11
A12: EXP_04 | B12: Exposure | C12: Col H | D12: Average age of water supply infrastructure in the district | E12: Percentage (%) | F12: JJM Reports — Format B15 (jaljeevanmission.gov.in/dashboard) | G12: 1. JJM Format B15 — Piped Water Supply Schemes 2. District name 3. Year of scheme commissioning (2009-10 to 2023-24) | H12: Indicator = (Schemes aged ≤5 years / Total schemes across all 3 age groups) × 100
A13: EXP_05 | B13: Exposure | C13: Col I | D13: Stage of groundwater development of the district | E13: Percentage (%) | F13: CGWB (cgwb.gov.in) | G13: 1. Annual groundwater extraction (MCM) per district 2. Annual groundwater recharge (MCM) per district 3. Source: CGWB Dynamic GW Resources Report 2023 | H13: Indicator = (Annual GW extraction / Annual GW recharge) × 100
A14: EXP_06 | B14: Exposure | C14: Col J | D14: Groundwater quality index of the district | E14: Index value (0–300+) | F14: CPCB (cpcb.nic.in) — Water Quality Data | G14: 1. Monitoring station ID and location (lat, lon) 2. District where station falls 3. 10 water quality parameters per station: | H14: Step 1: qi = (Ci / Si) × 100 for each parameter where Ci = observed concentration, Si = BIS standard
... A50: ADA_19 | B50: Adaptive Capacity | C50: Col W | D50: Average distance females travel to the principal source of drinking water | E50: Metres or kilometres | F50: NSS 78th Round microdata (mospi.gov.in) | G50: 1. NSS 78th Round microdata: — Respondent sex = female — Distance to principal drinking water source (metres) | H50: Indicator = Average distance (in metres) travelled by female respondents to principal water source per district
A51: ADA_20 | B51: Adaptive Capacity | C51: Col X | D51: Women aged 15–24 years in the district who use hygienic methods of protection during their menstrual period (%) | E51: Percentage (%) | F51: NFHS-5 District Fact Sheets (rchiips.org/nfhs) | G51: 1. NFHS-5 District Fact Sheet: — Women's empowerment section — % of women 15-24 using hygienic methods during menstruation
A52: ADA_21 | B52: Adaptive Capacity | C52: Col Y | D52: Annual average budget allocated by the government to WASH per district per capita for the past five years (2019–23) | E52: INR per person per year | F52: State Finance Dept budget documents | G52: 1. State budget documents: WASH-related allocations per district — Water supply (capital + O&M) — Sanitation (capital + O&M) | H52: Annual WASH budget = Water supply + Sanitation + Hygiene allocations
A53: ADA_22 | B53: Adaptive Capacity | C53: Col Z | D53: Climate risk assessments to inform policies as a part of district disaster management plans | E53: Score (0–3 or binary) | F53: State SDMA websites | G53: 1. District Disaster Management Plan (DDMP) PDF — Does it exist? (Yes=1, No=0) — Is it updated post-2020? (Yes=1, No=0) | H53: Score = Existence (0/1) + Updated (0/1) + Climate risk chapter (0/1)
A54: ADA_23 | B54: Adaptive Capacity | C54: Col AA | D54: Inclusion of WASH in state disaster management plans (taken as a proxy for the district) | E54: Binary (0 or 1) or Score | F54: State SDMA websites | G54: 1. State Disaster Management Plan (SDMP) PDF — Is WASH explicitly mentioned? (Yes=1, No=0) — Sections covering water supply during/after disaster | H54: Score = Count of WASH sub-topics covered (water supply, sanitation, hygiene)
A55: ADA_24 | B55: Adaptive Capacity | C55: Col AB | D55: Identification of agencies (including government, private organisations and NGOs) for providing WASH-related relief and rehabilitation measures after disasters as part of state disaster management plans | E55: Binary or Score (0–3) | F55: State SDMA websites | G55: 1. State Disaster Management Plan (SDMP) PDF: — Are WASH relief agencies identified? (Yes/No) — Government departments listed | H55: Score = Partial (1) if agencies listed but no roles defined Score = Full (2) if agencies + roles defined
A56: ADA_25 | B56: Adaptive Capacity | C56: Col AC | D56: Percentage of villages or gram panchayats in districts with village water sanitation committees or other similar local institutions in rural areas | E56: Percentage (%) | F56: JJM Dashboard (jaljeevanmission.gov.in) | G56: 1. JJM Dashboard: VWSCs/Paani Samitis constituted — Village/GP name — VWSC constituted (yes/no) | H56: Indicator = (Villages with functional VWSC / Total villages in district) × 100
A57: ADA_26 | B57: Adaptive Capacity | C57: Col AD | D57: Percentage of households in the state that practice hand washing before meals | E57: Percentage (%) | F57: NFHS-5 State Fact Sheets (rchiips.org/nfhs) | G57: 1. NFHS-5 State Fact Sheet: — Housing characteristics section — % of HHs practising handwashing with soap before meals | H57: Direct extraction — no formula. State value applied to all districts.
A58: ADA_27 | B58: Adaptive Capacity | C58: Col AE | D58: Percentage of households in the state that practice hand washing after defaecation | E58: Percentage (%) | F58: NFHS-5 State Fact Sheets (rchiips.org/nfhs) | G58: 1. NFHS-5 State Fact Sheet: — % of HHs practising handwashing with soap after defaecation 2. State code → district mapping | H58: Direct extraction — no formula. State value applied to all districts.
A59: ADA_28 | B59: Adaptive Capacity | C59: Col AF | D59: The density of rain gauges in the district per square kilometre | E59: Gauges per sq km | F59: IMD (mausam.imd.gov.in) | G59: 1. IMD rain gauge station list: — Station ID — Station location (lat, lon) | H59: Indicator = Number of operational rain gauges in district / District area (sq km)
A60: ADA_29 | B60: Adaptive Capacity | C60: Col AG | D60: Provisions in the state disaster management plan for emergency water supply (taken as a proxy for the district) | E60: Binary or Score (0–4) | F60: State SDMA websites | G60: 1. State Disaster Management Plan (SDMP) PDF: — Emergency water supply section — Responsible department identified (yes/no) | H60: Score = Sum of documented provisions (0–4)
